<?xml version="1.0" encoding="UTF-8"?>
<sbml xmlns="http://www.sbml.org/sbml/level2" metaid="_000000" level="2" version="1">
  <model metaid="_000001" id="mod" name="Edelstein1996_EPSP_AChSpecies">
    <notes>
      <body xmlns="http://www.w3.org/1999/xhtml">
        <p>This model originates from BioModels Database: A Database of Annotated Published Models. It is copyright (c) 2005-2010 The BioModels Team.<br/>For more information see the <a href="http://www.ebi.ac.uk/biomodels/legal.html" target="_blank">terms of use</a>.<br/>To cite BioModels Database, please use <a href="http://www.pubmedcentral.nih.gov/articlerender.fcgi?tool=pubmed&amp;pubmedid=16381960" target="_blank"> Le Novère N., Bornstein B., Broicher A., Courtot M., Donizelli M., Dharuri H., Li L., Sauro H., Schilstra M., Shapiro B., Snoep J.L., Hucka M. (2006) BioModels Database: A Free, Centralized Database of Curated, Published, Quantitative Kinetic Models of Biochemical and Cellular Systems Nucleic Acids Res., 34: D689-D691.</a>
      </p>
    </body>
  </notes>
  <annotation xmlns:stsim="http://www.sbml.org/2001/ns/stochsim">
    <stsim:disclaimer>model definition generated on Wed Sep  1 09:45:07 2004 GMT by TkStochSim. (c) Nicolas Le Novere 2000-2003</stsim:disclaimer>
    <stsim:listcpnts>BLL:B,L,L;IL:I,L;AL:A,L;A:A;BL:B,L;B:B;DLL:D,L,L;D:D;ILL:I,L,L;DL:D,L;I:I;ALL:A,L,L;L:L</stsim:listcpnts>
    <stsim:StoreInterval>0.001</stsim:StoreInterval>
    <stsim:TimeIncrement>0</stsim:TimeIncrement>
    <stsim:SimulationDuration>1</stsim:SimulationDuration>
    <stsim:MaximumNumberComplexes>15000</stsim:MaximumNumberComplexes>
    <rdf:RDF xmlns:rdf="http://www.w3.org/1999/02/22-rdf-syntax-ns#" xmlns:dc="http://purl.org/dc/elements/1.1/" xmlns:dcterms="http://purl.org/dc/terms/" xmlns:vCard="http://www.w3.org/2001/vcard-rdf/3.0#" xmlns:bqbiol="http://biomodels.net/biology-qualifiers/" xmlns:bqmodel="http://biomodels.net/model-qualifiers/">
      <rdf:Description rdf:about="#_000001">
        <dc:creator rdf:parseType="Resource">
          <rdf:Bag>
            <rdf:li rdf:parseType="Resource">
              <vCard:N rdf:parseType="Resource">
                <vCard:Family>Le Novère</vCard:Family>
                <vCard:Given>Nicolas</vCard:Given>
              </vCard:N>
              <vCard:EMAIL>lenov@ebi.ac.uk</vCard:EMAIL>
              <vCard:ORG>
                <vCard:Orgname>EMBL-EBI</vCard:Orgname>
              </vCard:ORG>
            </rdf:li>
          </rdf:Bag>
        </dc:creator>
        <dcterms:created rdf:parseType="Resource">
          <dcterms:W3CDTF>2005-02-02T14:41:42Z</dcterms:W3CDTF>
        </dcterms:created>
        <dcterms:modified rdf:parseType="Resource">
          <dcterms:W3CDTF>2009-08-13T12:24:26Z</dcterms:W3CDTF>
        </dcterms:modified>
        <bqmodel:is>
          <rdf:Bag>
            <rdf:li rdf:resource="urn:miriam:biomodels.db:BIOMD0000000002"/>
          </rdf:Bag>
        </bqmodel:is>
        <bqmodel:is>
          <rdf:Bag>
            <rdf:li rdf:resource="urn:miriam:biomodels.db:MODEL6614086398"/>
          </rdf:Bag>
        </bqmodel:is>
        <bqmodel:isDescribedBy>
          <rdf:Bag>
            <rdf:li rdf:resource="urn:miriam:pubmed:8983160"/>
          </rdf:Bag>
        </bqmodel:isDescribedBy>
        <bqbiol:isVersionOf>
          <rdf:Bag>
            <rdf:li rdf:resource="urn:miriam:obo.go:GO%3A0007166"/>
            <rdf:li rdf:resource="urn:miriam:obo.go:GO%3A0007274"/>
          </rdf:Bag>
        </bqbiol:isVersionOf>
        <bqbiol:is>
          <rdf:Bag>
            <rdf:li rdf:resource="urn:miriam:taxonomy:7787"/>
          </rdf:Bag>
        </bqbiol:is>
      </rdf:Description>
    </rdf:RDF>
  </annotation>
  <listOfCompartments>
    <compartment metaid="_986127" id="comp1" name="compartment1" size="1e-16">
      <annotation>
        <rdf:RDF xmlns:rdf="http://www.w3.org/1999/02/22-rdf-syntax-ns#" xmlns:dc="http://purl.org/dc/elements/1.1/" xmlns:dcterms="http://purl.org/dc/terms/" xmlns:vCard="http://www.w3.org/2001/vcard-rdf/3.0#" xmlns:bqbiol="http://biomodels.net/biology-qualifiers/" xmlns:bqmodel="http://biomodels.net/model-qualifiers/">
          <rdf:Description rdf:about="#_986127">
            <bqbiol:is>
              <rdf:Bag>
                <rdf:li rdf:resource="urn:miriam:obo.go:GO%3A0031594"/>
              </rdf:Bag>
            </bqbiol:is>
          </rdf:Description>
        </rdf:RDF>
      </annotation>
    </compartment>
  </listOfCompartments>
  <listOfSpecies>
    <species metaid="_986142" id="BLL" name="BasalACh2" compartment="comp1" initialAmount="0">
      <notes>
        <body xmlns="http://www.w3.org/1999/xhtml">
          <p>biliganded basal state</p>
        </body>
      </notes>
      <annotation>
        <rdf:RDF xmlns:rdf="http://www.w3.org/1999/02/22-rdf-syntax-ns#" xmlns:dc="http://purl.org/dc/elements/1.1/" xmlns:dcterms="http://purl.org/dc/terms/" xmlns:vCard="http://www.w3.org/2001/vcard-rdf/3.0#" xmlns:bqbiol="http://biomodels.net/biology-qualifiers/" xmlns:bqmodel="http://biomodels.net/model-qualifiers/">
          <rdf:Description rdf:about="#_986142">
            <bqbiol:isVersionOf>
              <rdf:Bag>
                <rdf:li rdf:resource="urn:miriam:interpro:IPR002394"/>
                <rdf:li rdf:resource="urn:miriam:obo.go:GO%3A0005892"/>
              </rdf:Bag>
            </bqbiol:isVersionOf>
          </rdf:Description>
        </rdf:RDF>
      </annotation>
    </species>
    <species metaid="_986162" id="IL" name="IntermediateACh" compartment="comp1" initialAmount="0">
      <notes>
        <body xmlns="http://www.w3.org/1999/xhtml">
          <p>monoliganded intermediate</p>
        </body>
      </notes>
      <annotation>
        <rdf:RDF xmlns:rdf="http://www.w3.org/1999/02/22-rdf-syntax-ns#" xmlns:dc="http://purl.org/dc/elements/1.1/" xmlns:dcterms="http://purl.org/dc/terms/" xmlns:vCard="http://www.w3.org/2001/vcard-rdf/3.0#" xmlns:bqbiol="http://biomodels.net/biology-qualifiers/" xmlns:bqmodel="http://biomodels.net/model-qualifiers/">
          <rdf:Description rdf:about="#_986162">
            <bqbiol:isVersionOf>
              <rdf:Bag>
                <rdf:li rdf:resource="urn:miriam:interpro:IPR002394"/>
                <rdf:li rdf:resource="urn:miriam:obo.go:GO%3A0005892"/>
              </rdf:Bag>
            </bqbiol:isVersionOf>
          </rdf:Description>
        </rdf:RDF>
      </annotation>
    </species>
    <species metaid="_986182" id="AL" name="ActiveACh" compartment="comp1" initialAmount="0">
      <notes>
        <body xmlns="http://www.w3.org/1999/xhtml">
          <p>monoliganded active state</p>
        </body>
      </notes>
      <annotation>
        <rdf:RDF xmlns:rdf="http://www.w3.org/1999/02/22-rdf-syntax-ns#" xmlns:dc="http://purl.org/dc/elements/1.1/" xmlns:dcterms="http://purl.org/dc/terms/" xmlns:vCard="http://www.w3.org/2001/vcard-rdf/3.0#" xmlns:bqbiol="http://biomodels.net/biology-qualifiers/" xmlns:bqmodel="http://biomodels.net/model-qualifiers/">
          <rdf:Description rdf:about="#_986182">
            <bqbiol:isVersionOf>
              <rdf:Bag>
                <rdf:li rdf:resource="urn:miriam:interpro:IPR002394"/>
                <rdf:li rdf:resource="urn:miriam:obo.go:GO%3A0005892"/>
              </rdf:Bag>
            </bqbiol:isVersionOf>
          </rdf:Description>
        </rdf:RDF>
      </annotation>
    </species>
    <species metaid="_986202" id="A" name="Active" compartment="comp1" initialAmount="0">
      <notes>
        <body xmlns="http://www.w3.org/1999/xhtml">
          <p>unkiganded active state</p>
        </body>
      </notes>
      <annotation>
        <rdf:RDF xmlns:rdf="http://www.w3.org/1999/02/22-rdf-syntax-ns#" xmlns:dc="http://purl.org/dc/elements/1.1/" xmlns:dcterms="http://purl.org/dc/terms/" xmlns:vCard="http://www.w3.org/2001/vcard-rdf/3.0#" xmlns:bqbiol="http://biomodels.net/biology-qualifiers/" xmlns:bqmodel="http://biomodels.net/model-qualifiers/">
          <rdf:Description rdf:about="#_986202">
            <bqbiol:isVersionOf>
              <rdf:Bag>
                <rdf:li rdf:resource="urn:miriam:obo.go:GO%3A0005892"/>
              </rdf:Bag>
            </bqbiol:isVersionOf>
          </rdf:Description>
        </rdf:RDF>
      </annotation>
    </species>
    <species metaid="_986222" id="BL" name="BasalACh" compartment="comp1" initialAmount="0">
      <notes>
        <body xmlns="http://www.w3.org/1999/xhtml">
          <p>monoliganded basal state</p>
        </body>
      </notes>
      <annotation>
        <rdf:RDF xmlns:rdf="http://www.w3.org/1999/02/22-rdf-syntax-ns#" xmlns:dc="http://purl.org/dc/elements/1.1/" xmlns:dcterms="http://purl.org/dc/terms/" xmlns:vCard="http://www.w3.org/2001/vcard-rdf/3.0#" xmlns:bqbiol="http://biomodels.net/biology-qualifiers/" xmlns:bqmodel="http://biomodels.net/model-qualifiers/">
          <rdf:Description rdf:about="#_986222">
            <bqbiol:isVersionOf>
              <rdf:Bag>
                <rdf:li rdf:resource="urn:miriam:interpro:IPR002394"/>
                <rdf:li rdf:resource="urn:miriam:obo.go:GO%3A0005892"/>
              </rdf:Bag>
            </bqbiol:isVersionOf>
          </rdf:Description>
        </rdf:RDF>
      </annotation>
    </species>
    <species metaid="_986242" id="B" name="Basal" compartment="comp1" initialAmount="1.66057788110262e-21">
      <notes>
        <body xmlns="http://www.w3.org/1999/xhtml">
          <p>unliganded basal state</p>
        </body>
      </notes>
      <annotation>
        <rdf:RDF xmlns:rdf="http://www.w3.org/1999/02/22-rdf-syntax-ns#" xmlns:dc="http://purl.org/dc/elements/1.1/" xmlns:dcterms="http://purl.org/dc/terms/" xmlns:vCard="http://www.w3.org/2001/vcard-rdf/3.0#" xmlns:bqbiol="http://biomodels.net/biology-qualifiers/" xmlns:bqmodel="http://biomodels.net/model-qualifiers/">
          <rdf:Description rdf:about="#_986242">
            <bqbiol:isVersionOf>
              <rdf:Bag>
                <rdf:li rdf:resource="urn:miriam:interpro:IPR002394"/>
                <rdf:li rdf:resource="urn:miriam:obo.go:GO%3A0005892"/>
              </rdf:Bag>
            </bqbiol:isVersionOf>
          </rdf:Description>
        </rdf:RDF>
      </annotation>
    </species>
    <species metaid="_986262" id="DLL" name="DesensitisedACh2" compartment="comp1" initialAmount="0">
      <notes>
        <body xmlns="http://www.w3.org/1999/xhtml">
          <p>biliganded desensitised state</p>
        </body>
      </notes>
      <annotation>
        <rdf:RDF xmlns:rdf="http://www.w3.org/1999/02/22-rdf-syntax-ns#" xmlns:dc="http://purl.org/dc/elements/1.1/" xmlns:dcterms="http://purl.org/dc/terms/" xmlns:vCard="http://www.w3.org/2001/vcard-rdf/3.0#" xmlns:bqbiol="http://biomodels.net/biology-qualifiers/" xmlns:bqmodel="http://biomodels.net/model-qualifiers/">
          <rdf:Description rdf:about="#_986262">
            <bqbiol:isVersionOf>
              <rdf:Bag>
                <rdf:li rdf:resource="urn:miriam:obo.go:GO%3A0005892"/>
              </rdf:Bag>
            </bqbiol:isVersionOf>
          </rdf:Description>
        </rdf:RDF>
      </annotation>
    </species>
    <species metaid="_986282" id="D" name="Desensitised" compartment="comp1" initialAmount="0">
      <notes>
        <body xmlns="http://www.w3.org/1999/xhtml">
          <p>fully desensitised state</p>
        </body>
      </notes>
      <annotation>
        <rdf:RDF xmlns:rdf="http://www.w3.org/1999/02/22-rdf-syntax-ns#" xmlns:dc="http://purl.org/dc/elements/1.1/" xmlns:dcterms="http://purl.org/dc/terms/" xmlns:vCard="http://www.w3.org/2001/vcard-rdf/3.0#" xmlns:bqbiol="http://biomodels.net/biology-qualifiers/" xmlns:bqmodel="http://biomodels.net/model-qualifiers/">
          <rdf:Description rdf:about="#_986282">
            <bqbiol:isVersionOf>
              <rdf:Bag>
                <rdf:li rdf:resource="urn:miriam:interpro:IPR002394"/>
                <rdf:li rdf:resource="urn:miriam:obo.go:GO%3A0005892"/>
              </rdf:Bag>
            </bqbiol:isVersionOf>
          </rdf:Description>
        </rdf:RDF>
      </annotation>
    </species>
    <species metaid="_986302" id="ILL" name="IntermediateACh2" compartment="comp1" initialAmount="0">
      <notes>
        <body xmlns="http://www.w3.org/1999/xhtml">
          <p>biliganded intermediate</p>
        </body>
      </notes>
      <annotation>
        <rdf:RDF xmlns:rdf="http://www.w3.org/1999/02/22-rdf-syntax-ns#" xmlns:dc="http://purl.org/dc/elements/1.1/" xmlns:dcterms="http://purl.org/dc/terms/" xmlns:vCard="http://www.w3.org/2001/vcard-rdf/3.0#" xmlns:bqbiol="http://biomodels.net/biology-qualifiers/" xmlns:bqmodel="http://biomodels.net/model-qualifiers/">
          <rdf:Description rdf:about="#_986302">
            <bqbiol:isVersionOf>
              <rdf:Bag>
                <rdf:li rdf:resource="urn:miriam:interpro:IPR002394"/>
                <rdf:li rdf:resource="urn:miriam:obo.go:GO%3A0005892"/>
              </rdf:Bag>
            </bqbiol:isVersionOf>
          </rdf:Description>
        </rdf:RDF>
      </annotation>
    </species>
    <species metaid="_986322" id="DL" name="DesensitisedACh" compartment="comp1" initialAmount="0">
      <notes>
        <body xmlns="http://www.w3.org/1999/xhtml">
          <p>monoliganded desensitised state</p>
        </body>
      </notes>
      <annotation>
        <rdf:RDF xmlns:rdf="http://www.w3.org/1999/02/22-rdf-syntax-ns#" xmlns:dc="http://purl.org/dc/elements/1.1/" xmlns:dcterms="http://purl.org/dc/terms/" xmlns:vCard="http://www.w3.org/2001/vcard-rdf/3.0#" xmlns:bqbiol="http://biomodels.net/biology-qualifiers/" xmlns:bqmodel="http://biomodels.net/model-qualifiers/">
          <rdf:Description rdf:about="#_986322">
            <bqbiol:isVersionOf>
              <rdf:Bag>
                <rdf:li rdf:resource="urn:miriam:interpro:IPR002394"/>
                <rdf:li rdf:resource="urn:miriam:obo.go:GO%3A0005892"/>
              </rdf:Bag>
            </bqbiol:isVersionOf>
          </rdf:Description>
        </rdf:RDF>
      </annotation>
    </species>
    <species metaid="_986342" id="I" name="Intermediate" compartment="comp1" initialAmount="0">
      <notes>
        <body xmlns="http://www.w3.org/1999/xhtml">
          <p>unliganted intermediate</p>
        </body>
      </notes>
      <annotation>
        <rdf:RDF xmlns:rdf="http://www.w3.org/1999/02/22-rdf-syntax-ns#" xmlns:dc="http://purl.org/dc/elements/1.1/" xmlns:dcterms="http://purl.org/dc/terms/" xmlns:vCard="http://www.w3.org/2001/vcard-rdf/3.0#" xmlns:bqbiol="http://biomodels.net/biology-qualifiers/" xmlns:bqmodel="http://biomodels.net/model-qualifiers/">
          <rdf:Description rdf:about="#_986342">
            <bqbiol:isVersionOf>
              <rdf:Bag>
                <rdf:li rdf:resource="urn:miriam:interpro:IPR002394"/>
                <rdf:li rdf:resource="urn:miriam:obo.go:GO%3A0005892"/>
              </rdf:Bag>
            </bqbiol:isVersionOf>
          </rdf:Description>
        </rdf:RDF>
      </annotation>
    </species>
    <species metaid="_986362" id="ALL" name="ActiveACh2" compartment="comp1" initialAmount="0">
      <notes>
        <body xmlns="http://www.w3.org/1999/xhtml">
          <p>biliganted active state</p>
        </body>
      </notes>
      <annotation>
        <rdf:RDF xmlns:rdf="http://www.w3.org/1999/02/22-rdf-syntax-ns#" xmlns:dc="http://purl.org/dc/elements/1.1/" xmlns:dcterms="http://purl.org/dc/terms/" xmlns:vCard="http://www.w3.org/2001/vcard-rdf/3.0#" xmlns:bqbiol="http://biomodels.net/biology-qualifiers/" xmlns:bqmodel="http://biomodels.net/model-qualifiers/">
          <rdf:Description rdf:about="#_986362">
            <bqbiol:isVersionOf>
              <rdf:Bag>
                <rdf:li rdf:resource="urn:miriam:interpro:IPR002394"/>
                <rdf:li rdf:resource="urn:miriam:obo.go:GO%3A0005892"/>
              </rdf:Bag>
            </bqbiol:isVersionOf>
          </rdf:Description>
        </rdf:RDF>
      </annotation>
    </species>
    <species metaid="_986382" id="L" name="ACh" compartment="comp1" initialAmount="1.66057788110262e-20">
      <notes>
        <body xmlns="http://www.w3.org/1999/xhtml">
          <p>ligand</p>
        </body>
      </notes>
      <annotation>
        <rdf:RDF xmlns:rdf="http://www.w3.org/1999/02/22-rdf-syntax-ns#" xmlns:dc="http://purl.org/dc/elements/1.1/" xmlns:dcterms="http://purl.org/dc/terms/" xmlns:vCard="http://www.w3.org/2001/vcard-rdf/3.0#" xmlns:bqbiol="http://biomodels.net/biology-qualifiers/" xmlns:bqmodel="http://biomodels.net/model-qualifiers/">
          <rdf:Description rdf:about="#_986382">
            <bqbiol:is>
              <rdf:Bag>
                <rdf:li rdf:resource="urn:miriam:obo.chebi:CHEBI%3A15355"/>
                <rdf:li rdf:resource="urn:miriam:kegg.compound:C01996"/>
              </rdf:Bag>
            </bqbiol:is>
          </rdf:Description>
        </rdf:RDF>
      </annotation>
    </species>
  </listOfSpecies>
  <listOfParameters>
    <parameter metaid="metaid_0000036" id="kf_0" value="300000000"/>
    <parameter metaid="metaid_0000037" id="kr_0" value="8000"/>
    <parameter metaid="metaid_0000038" id="kf_1" value="150000000"/>
    <parameter metaid="metaid_0000039" id="kr_1" value="16000"/>
    <parameter metaid="metaid_0000040" id="kf_2" value="30000"/>
    <parameter metaid="metaid_0000041" id="kr_2" value="700"/>
    <parameter metaid="metaid_0000042" id="kf_3" value="300000000"/>
    <parameter metaid="metaid_0000043" id="kr_3" value="8.64"/>
    <parameter metaid="metaid_0000044" id="kf_4" value="150000000"/>
    <parameter metaid="metaid_0000045" id="kr_4" value="17.28"/>
    <parameter metaid="metaid_0000046" id="kf_5" value="0.54"/>
    <parameter metaid="metaid_0000047" id="kr_5" value="10800"/>
    <parameter metaid="metaid_0000048" id="kf_6" value="130"/>
    <parameter metaid="metaid_0000049" id="kr_6" value="2740"/>
    <parameter metaid="metaid_0000050" id="kf_7" value="300000000"/>
    <parameter metaid="metaid_0000051" id="kr_7" value="4"/>
    <parameter metaid="metaid_0000052" id="kf_8" value="150000000"/>
    <parameter metaid="metaid_0000053" id="kr_8" value="8"/>
    <parameter metaid="metaid_0000054" id="kf_9" value="19.7"/>
    <parameter metaid="metaid_0000055" id="kr_9" value="3.74"/>
    <parameter metaid="metaid_0000056" id="kf_10" value="19.85"/>
    <parameter metaid="metaid_0000057" id="kr_10" value="1.74"/>
    <parameter metaid="metaid_0000058" id="kf_11" value="20"/>
    <parameter metaid="metaid_0000059" id="kr_11" value="0.81"/>
    <parameter metaid="metaid_0000060" id="kf_12" value="300000000"/>
    <parameter metaid="metaid_0000061" id="kr_12" value="4"/>
    <parameter metaid="metaid_0000062" id="kf_13" value="150000000"/>
    <parameter metaid="metaid_0000063" id="kr_13" value="8"/>
    <parameter metaid="metaid_0000064" id="kf_14" value="0.05"/>
    <parameter metaid="metaid_0000065" id="kr_14" value="0.0012"/>
    <parameter metaid="metaid_0000066" id="kf_15" value="0.05"/>
    <parameter metaid="metaid_0000067" id="kr_15" value="0.0012"/>
    <parameter metaid="metaid_0000068" id="kf_16" value="0.05"/>
    <parameter metaid="metaid_0000069" id="kr_16" value="0.0012"/>
  </listOfParameters>
  <listOfReactions>
    <reaction metaid="_986402" id="React0" name="React0">
      <notes>
        <body xmlns="http://www.w3.org/1999/xhtml">
          <p>first ligand on basal</p>
        </body>
      </notes>
      <annotation>
        <rdf:RDF xmlns:rdf="http://www.w3.org/1999/02/22-rdf-syntax-ns#" xmlns:dc="http://purl.org/dc/elements/1.1/" xmlns:dcterms="http://purl.org/dc/terms/" xmlns:vCard="http://www.w3.org/2001/vcard-rdf/3.0#" xmlns:bqbiol="http://biomodels.net/biology-qualifiers/" xmlns:bqmodel="http://biomodels.net/model-qualifiers/">
          <rdf:Description rdf:about="#_986402">
            <bqbiol:is>
              <rdf:Bag>
                <rdf:li rdf:resource="urn:miriam:obo.go:GO%3A0042166"/>
              </rdf:Bag>
            </bqbiol:is>
          </rdf:Description>
        </rdf:RDF>
      </annotation>
      <listOfReactants>
        <speciesReference species="B"/>
        <speciesReference species="L"/>
      </listOfReactants>
      <listOfProducts>
        <speciesReference species="BL"/>
      </listOfProducts>
      <kineticLaw>
        <notes>
          <body xmlns="http://www.w3.org/1999/xhtml">
            <p>kf_0 * B * L - kr_0 * BL</p>
          </body>
        </notes>
        <math xmlns="http://www.w3.org/1998/Math/MathML">
          <apply>
            <times/>
            <ci> comp1 </ci>
            <apply>
              <minus/>
              <apply>
                <times/>
                <ci> kf_0 </ci>
                <ci> B </ci>
                <ci> L </ci>
              </apply>
              <apply>
                <times/>
                <ci> kr_0 </ci>
                <ci> BL </ci>
              </apply>
            </apply>
          </apply>
        </math>
      </kineticLaw>
    </reaction>
    <reaction metaid="_986423" id="React1" name="React1">
      <notes>
        <body xmlns="http://www.w3.org/1999/xhtml">
          <p>second ligand on basal</p>
        </body>
      </notes>
      <annotation>
        <rdf:RDF xmlns:rdf="http://www.w3.org/1999/02/22-rdf-syntax-ns#" xmlns:dc="http://purl.org/dc/elements/1.1/" xmlns:dcterms="http://purl.org/dc/terms/" xmlns:vCard="http://www.w3.org/2001/vcard-rdf/3.0#" xmlns:bqbiol="http://biomodels.net/biology-qualifiers/" xmlns:bqmodel="http://biomodels.net/model-qualifiers/">
          <rdf:Description rdf:about="#_986423">
            <bqbiol:is>
              <rdf:Bag>
                <rdf:li rdf:resource="urn:miriam:obo.go:GO%3A0042166"/>
              </rdf:Bag>
            </bqbiol:is>
          </rdf:Description>
        </rdf:RDF>
      </annotation>
      <listOfReactants>
        <speciesReference species="BL"/>
        <speciesReference species="L"/>
      </listOfReactants>
      <listOfProducts>
        <speciesReference species="BLL"/>
      </listOfProducts>
      <kineticLaw>
        <notes>
          <body xmlns="http://www.w3.org/1999/xhtml">
            <p>kf_1 * BL * L - kr_1 * BLL</p>
          </body>
        </notes>
        <math xmlns="http://www.w3.org/1998/Math/MathML">
          <apply>
            <times/>
            <ci> comp1 </ci>
            <apply>
              <minus/>
              <apply>
                <times/>
                <ci> kf_1 </ci>
                <ci> BL </ci>
                <ci> L </ci>
              </apply>
              <apply>
                <times/>
                <ci> kr_1 </ci>
                <ci> BLL </ci>
              </apply>
            </apply>
          </apply>
        </math>
      </kineticLaw>
    </reaction>
    <reaction metaid="_986443" id="React2" name="React2">
      <notes>
        <body xmlns="http://www.w3.org/1999/xhtml">
          <p>opening of biliganded</p>
        </body>
      </notes>
      <annotation>
        <rdf:RDF xmlns:rdf="http://www.w3.org/1999/02/22-rdf-syntax-ns#" xmlns:dc="http://purl.org/dc/elements/1.1/" xmlns:dcterms="http://purl.org/dc/terms/" xmlns:vCard="http://www.w3.org/2001/vcard-rdf/3.0#" xmlns:bqbiol="http://biomodels.net/biology-qualifiers/" xmlns:bqmodel="http://biomodels.net/model-qualifiers/">
          <rdf:Description rdf:about="#_986443">
            <bqbiol:is>
              <rdf:Bag>
                <rdf:li rdf:resource="urn:miriam:obo.go:GO%3A0004889"/>
              </rdf:Bag>
            </bqbiol:is>
          </rdf:Description>
        </rdf:RDF>
      </annotation>
      <listOfReactants>
        <speciesReference species="BLL"/>
      </listOfReactants>
      <listOfProducts>
        <speciesReference species="ALL"/>
      </listOfProducts>
      <kineticLaw>
        <notes>
          <body xmlns="http://www.w3.org/1999/xhtml">
            <p>kf_2 * BLL - kr_2 * ALL</p>
          </body>
        </notes>
        <math xmlns="http://www.w3.org/1998/Math/MathML">
          <apply>
            <times/>
            <ci> comp1 </ci>
            <apply>
              <minus/>
              <apply>
                <times/>
                <ci> kf_2 </ci>
                <ci> BLL </ci>
              </apply>
              <apply>
                <times/>
                <ci> kr_2 </ci>
                <ci> ALL </ci>
              </apply>
            </apply>
          </apply>
        </math>
      </kineticLaw>
    </reaction>
    <reaction metaid="_986462" id="React3" name="React3">
      <notes>
        <body xmlns="http://www.w3.org/1999/xhtml">
          <p>first ligand on active</p>
        </body>
      </notes>
      <annotation>
        <rdf:RDF xmlns:rdf="http://www.w3.org/1999/02/22-rdf-syntax-ns#" xmlns:dc="http://purl.org/dc/elements/1.1/" xmlns:dcterms="http://purl.org/dc/terms/" xmlns:vCard="http://www.w3.org/2001/vcard-rdf/3.0#" xmlns:bqbiol="http://biomodels.net/biology-qualifiers/" xmlns:bqmodel="http://biomodels.net/model-qualifiers/">
          <rdf:Description rdf:about="#_986462">
            <bqbiol:is>
              <rdf:Bag>
                <rdf:li rdf:resource="urn:miriam:obo.go:GO%3A0042166"/>
              </rdf:Bag>
            </bqbiol:is>
          </rdf:Description>
        </rdf:RDF>
      </annotation>
      <listOfReactants>
        <speciesReference species="A"/>
        <speciesReference species="L"/>
      </listOfReactants>
      <listOfProducts>
        <speciesReference species="AL"/>
      </listOfProducts>
      <kineticLaw>
        <notes>
          <body xmlns="http://www.w3.org/1999/xhtml">
            <p>kf_3 * A * L - kr_3 * AL</p>
          </body>
        </notes>
        <math xmlns="http://www.w3.org/1998/Math/MathML">
          <apply>
            <times/>
            <ci> comp1 </ci>
            <apply>
              <minus/>
              <apply>
                <times/>
                <ci> kf_3 </ci>
                <ci> A </ci>
                <ci> L </ci>
              </apply>
              <apply>
                <times/>
                <ci> kr_3 </ci>
                <ci> AL </ci>
              </apply>
            </apply>
          </apply>
        </math>
      </kineticLaw>
    </reaction>
    <reaction metaid="_986485" id="React4" name="React4">
      <notes>
        <body xmlns="http://www.w3.org/1999/xhtml">
          <p>second ligand on active</p>
        </body>
      </notes>
      <annotation>
        <rdf:RDF xmlns:rdf="http://www.w3.org/1999/02/22-rdf-syntax-ns#" xmlns:dc="http://purl.org/dc/elements/1.1/" xmlns:dcterms="http://purl.org/dc/terms/" xmlns:vCard="http://www.w3.org/2001/vcard-rdf/3.0#" xmlns:bqbiol="http://biomodels.net/biology-qualifiers/" xmlns:bqmodel="http://biomodels.net/model-qualifiers/">
          <rdf:Description rdf:about="#_986485">
            <bqbiol:is>
              <rdf:Bag>
                <rdf:li rdf:resource="urn:miriam:obo.go:GO%3A0042166"/>
              </rdf:Bag>
            </bqbiol:is>
          </rdf:Description>
        </rdf:RDF>
      </annotation>
      <listOfReactants>
        <speciesReference species="AL"/>
        <speciesReference species="L"/>
      </listOfReactants>
      <listOfProducts>
        <speciesReference species="ALL"/>
      </listOfProducts>
      <kineticLaw>
        <notes>
          <body xmlns="http://www.w3.org/1999/xhtml">
            <p>kf_4 * AL * L - kr_4 * ALL</p>
          </body>
        </notes>
        <math xmlns="http://www.w3.org/1998/Math/MathML">
          <apply>
            <times/>
            <ci> comp1 </ci>
            <apply>
              <minus/>
              <apply>
                <times/>
                <ci> kf_4 </ci>
                <ci> AL </ci>
                <ci> L </ci>
              </apply>
              <apply>
                <times/>
                <ci> kr_4 </ci>
                <ci> ALL </ci>
              </apply>
            </apply>
          </apply>
        </math>
      </kineticLaw>
    </reaction>
    <reaction metaid="_986503" id="React5" name="React5">
      <notes>
        <body xmlns="http://www.w3.org/1999/xhtml">
          <p>opening of unliganded</p>
        </body>
      </notes>
      <annotation>
        <rdf:RDF xmlns:rdf="http://www.w3.org/1999/02/22-rdf-syntax-ns#" xmlns:dc="http://purl.org/dc/elements/1.1/" xmlns:dcterms="http://purl.org/dc/terms/" xmlns:vCard="http://www.w3.org/2001/vcard-rdf/3.0#" xmlns:bqbiol="http://biomodels.net/biology-qualifiers/" xmlns:bqmodel="http://biomodels.net/model-qualifiers/">
          <rdf:Description rdf:about="#_986503">
            <bqbiol:is>
              <rdf:Bag>
                <rdf:li rdf:resource="urn:miriam:obo.go:GO%3A0004889"/>
              </rdf:Bag>
            </bqbiol:is>
          </rdf:Description>
        </rdf:RDF>
      </annotation>
      <listOfReactants>
        <speciesReference species="B"/>
      </listOfReactants>
      <listOfProducts>
        <speciesReference species="A"/>
      </listOfProducts>
      <kineticLaw>
        <notes>
          <body xmlns="http://www.w3.org/1999/xhtml">
            <p>kf_5 * B - kr_5 * A</p>
          </body>
        </notes>
        <math xmlns="http://www.w3.org/1998/Math/MathML">
          <apply>
            <times/>
            <ci> comp1 </ci>
            <apply>
              <minus/>
              <apply>
                <times/>
                <ci> kf_5 </ci>
                <ci> B </ci>
              </apply>
              <apply>
                <times/>
                <ci> kr_5 </ci>
                <ci> A </ci>
              </apply>
            </apply>
          </apply>
        </math>
      </kineticLaw>
    </reaction>
    <reaction metaid="_986522" id="React6" name="React6">
      <notes>
        <body xmlns="http://www.w3.org/1999/xhtml">
          <p>opening of monoliganded</p>
        </body>
      </notes>
      <annotation>
        <rdf:RDF xmlns:rdf="http://www.w3.org/1999/02/22-rdf-syntax-ns#" xmlns:dc="http://purl.org/dc/elements/1.1/" xmlns:dcterms="http://purl.org/dc/terms/" xmlns:vCard="http://www.w3.org/2001/vcard-rdf/3.0#" xmlns:bqbiol="http://biomodels.net/biology-qualifiers/" xmlns:bqmodel="http://biomodels.net/model-qualifiers/">
          <rdf:Description rdf:about="#_986522">
            <bqbiol:is>
              <rdf:Bag>
                <rdf:li rdf:resource="urn:miriam:obo.go:GO%3A0004889"/>
              </rdf:Bag>
            </bqbiol:is>
          </rdf:Description>
        </rdf:RDF>
      </annotation>
      <listOfReactants>
        <speciesReference species="BL"/>
      </listOfReactants>
      <listOfProducts>
        <speciesReference species="AL"/>
      </listOfProducts>
      <kineticLaw>
        <notes>
          <body xmlns="http://www.w3.org/1999/xhtml">
            <p>kf_6 * BL - kr_6 * AL</p>
          </body>
        </notes>
        <math xmlns="http://www.w3.org/1998/Math/MathML">
          <apply>
            <times/>
            <ci> comp1 </ci>
            <apply>
              <minus/>
              <apply>
                <times/>
                <ci> kf_6 </ci>
                <ci> BL </ci>
              </apply>
              <apply>
                <times/>
                <ci> kr_6 </ci>
                <ci> AL </ci>
              </apply>
            </apply>
          </apply>
        </math>
      </kineticLaw>
    </reaction>
    <reaction metaid="_986542" id="React7" name="React7">
      <notes>
        <body xmlns="http://www.w3.org/1999/xhtml">
          <p>first ligand on intermediate</p>
        </body>
      </notes>
      <annotation>
        <rdf:RDF xmlns:rdf="http://www.w3.org/1999/02/22-rdf-syntax-ns#" xmlns:dc="http://purl.org/dc/elements/1.1/" xmlns:dcterms="http://purl.org/dc/terms/" xmlns:vCard="http://www.w3.org/2001/vcard-rdf/3.0#" xmlns:bqbiol="http://biomodels.net/biology-qualifiers/" xmlns:bqmodel="http://biomodels.net/model-qualifiers/">
          <rdf:Description rdf:about="#_986542">
            <bqbiol:is>
              <rdf:Bag>
                <rdf:li rdf:resource="urn:miriam:obo.go:GO%3A0042166"/>
              </rdf:Bag>
            </bqbiol:is>
          </rdf:Description>
        </rdf:RDF>
      </annotation>
      <listOfReactants>
        <speciesReference species="I"/>
        <speciesReference species="L"/>
      </listOfReactants>
      <listOfProducts>
        <speciesReference species="IL"/>
      </listOfProducts>
      <kineticLaw>
        <notes>
          <body xmlns="http://www.w3.org/1999/xhtml">
            <p>kf_7 * I * L - kr_7 * IL</p>
          </body>
        </notes>
        <math xmlns="http://www.w3.org/1998/Math/MathML">
          <apply>
            <times/>
            <ci> comp1 </ci>
            <apply>
              <minus/>
              <apply>
                <times/>
                <ci> kf_7 </ci>
                <ci> I </ci>
                <ci> L </ci>
              </apply>
              <apply>
                <times/>
                <ci> kr_7 </ci>
                <ci> IL </ci>
              </apply>
            </apply>
          </apply>
        </math>
      </kineticLaw>
    </reaction>
    <reaction metaid="_986563" id="React8" name="React8">
      <notes>
        <body xmlns="http://www.w3.org/1999/xhtml">
          <p>second ligand on intermediate</p>
        </body>
      </notes>
      <annotation>
        <rdf:RDF xmlns:rdf="http://www.w3.org/1999/02/22-rdf-syntax-ns#" xmlns:dc="http://purl.org/dc/elements/1.1/" xmlns:dcterms="http://purl.org/dc/terms/" xmlns:vCard="http://www.w3.org/2001/vcard-rdf/3.0#" xmlns:bqbiol="http://biomodels.net/biology-qualifiers/" xmlns:bqmodel="http://biomodels.net/model-qualifiers/">
          <rdf:Description rdf:about="#_986563">
            <bqbiol:is>
              <rdf:Bag>
                <rdf:li rdf:resource="urn:miriam:obo.go:GO%3A0042166"/>
              </rdf:Bag>
            </bqbiol:is>
          </rdf:Description>
        </rdf:RDF>
      </annotation>
      <listOfReactants>
        <speciesReference species="IL"/>
        <speciesReference species="L"/>
      </listOfReactants>
      <listOfProducts>
        <speciesReference species="ILL"/>
      </listOfProducts>
      <kineticLaw>
        <notes>
          <body xmlns="http://www.w3.org/1999/xhtml">
            <p>kf_8 * IL * L - kr_8 * ILL</p>
          </body>
        </notes>
        <math xmlns="http://www.w3.org/1998/Math/MathML">
          <apply>
            <times/>
            <ci> comp1 </ci>
            <apply>
              <minus/>
              <apply>
                <times/>
                <ci> kf_8 </ci>
                <ci> IL </ci>
                <ci> L </ci>
              </apply>
              <apply>
                <times/>
                <ci> kr_8 </ci>
                <ci> ILL </ci>
              </apply>
            </apply>
          </apply>
        </math>
      </kineticLaw>
    </reaction>
    <reaction metaid="_986583" id="React9" name="React9">
      <notes>
        <body xmlns="http://www.w3.org/1999/xhtml">
          <p>unlig act &lt;=&gt; unlig interm</p>
        </body>
      </notes>
      <annotation>
        <rdf:RDF xmlns:rdf="http://www.w3.org/1999/02/22-rdf-syntax-ns#" xmlns:dc="http://purl.org/dc/elements/1.1/" xmlns:dcterms="http://purl.org/dc/terms/" xmlns:vCard="http://www.w3.org/2001/vcard-rdf/3.0#" xmlns:bqbiol="http://biomodels.net/biology-qualifiers/" xmlns:bqmodel="http://biomodels.net/model-qualifiers/">
          <rdf:Description rdf:about="#_986583">
            <bqbiol:is>
              <rdf:Bag>
                <rdf:li rdf:resource="urn:miriam:obo.go:GO%3A0004889"/>
              </rdf:Bag>
            </bqbiol:is>
          </rdf:Description>
        </rdf:RDF>
      </annotation>
      <listOfReactants>
        <speciesReference species="A"/>
      </listOfReactants>
      <listOfProducts>
        <speciesReference species="I"/>
      </listOfProducts>
      <kineticLaw>
        <notes>
          <body xmlns="http://www.w3.org/1999/xhtml">
            <p>kf_9 * A - kr_9 * I</p>
          </body>
        </notes>
        <math xmlns="http://www.w3.org/1998/Math/MathML">
          <apply>
            <times/>
            <ci> comp1 </ci>
            <apply>
              <minus/>
              <apply>
                <times/>
                <ci> kf_9 </ci>
                <ci> A </ci>
              </apply>
              <apply>
                <times/>
                <ci> kr_9 </ci>
                <ci> I </ci>
              </apply>
            </apply>
          </apply>
        </math>
      </kineticLaw>
    </reaction>
    <reaction metaid="_986602" id="React10" name="React10">
      <notes>
        <body xmlns="http://www.w3.org/1999/xhtml">
          <p>monolig act &lt;=&gt; monolig interm</p>
        </body>
      </notes>
      <annotation>
        <rdf:RDF xmlns:rdf="http://www.w3.org/1999/02/22-rdf-syntax-ns#" xmlns:dc="http://purl.org/dc/elements/1.1/" xmlns:dcterms="http://purl.org/dc/terms/" xmlns:vCard="http://www.w3.org/2001/vcard-rdf/3.0#" xmlns:bqbiol="http://biomodels.net/biology-qualifiers/" xmlns:bqmodel="http://biomodels.net/model-qualifiers/">
          <rdf:Description rdf:about="#_986602">
            <bqbiol:is>
              <rdf:Bag>
                <rdf:li rdf:resource="urn:miriam:obo.go:GO%3A0004889"/>
              </rdf:Bag>
            </bqbiol:is>
          </rdf:Description>
        </rdf:RDF>
      </annotation>
      <listOfReactants>
        <speciesReference species="AL"/>
      </listOfReactants>
      <listOfProducts>
        <speciesReference species="IL"/>
      </listOfProducts>
      <kineticLaw>
        <notes>
          <body xmlns="http://www.w3.org/1999/xhtml">
            <p>kf_10 * AL - kr_10 * IL</p>
          </body>
        </notes>
        <math xmlns="http://www.w3.org/1998/Math/MathML">
          <apply>
            <times/>
            <ci> comp1 </ci>
            <apply>
              <minus/>
              <apply>
                <times/>
                <ci> kf_10 </ci>
                <ci> AL </ci>
              </apply>
              <apply>
                <times/>
                <ci> kr_10 </ci>
                <ci> IL </ci>
              </apply>
            </apply>
          </apply>
        </math>
      </kineticLaw>
    </reaction>
    <reaction metaid="_986623" id="React11" name="React11">
      <notes>
        <body xmlns="http://www.w3.org/1999/xhtml">
          <p>bilig act &lt;=&gt; bilig interm</p>
        </body>
      </notes>
      <annotation>
        <rdf:RDF xmlns:rdf="http://www.w3.org/1999/02/22-rdf-syntax-ns#" xmlns:dc="http://purl.org/dc/elements/1.1/" xmlns:dcterms="http://purl.org/dc/terms/" xmlns:vCard="http://www.w3.org/2001/vcard-rdf/3.0#" xmlns:bqbiol="http://biomodels.net/biology-qualifiers/" xmlns:bqmodel="http://biomodels.net/model-qualifiers/">
          <rdf:Description rdf:about="#_986623">
            <bqbiol:is>
              <rdf:Bag>
                <rdf:li rdf:resource="urn:miriam:obo.go:GO%3A0004889"/>
              </rdf:Bag>
            </bqbiol:is>
          </rdf:Description>
        </rdf:RDF>
      </annotation>
      <listOfReactants>
        <speciesReference species="ALL"/>
      </listOfReactants>
      <listOfProducts>
        <speciesReference species="ILL"/>
      </listOfProducts>
      <kineticLaw>
        <notes>
          <body xmlns="http://www.w3.org/1999/xhtml">
            <p>kf_11 * ALL - kr_11 * ILL</p>
          </body>
        </notes>
        <math xmlns="http://www.w3.org/1998/Math/MathML">
          <apply>
            <times/>
            <ci> comp1 </ci>
            <apply>
              <minus/>
              <apply>
                <times/>
                <ci> kf_11 </ci>
                <ci> ALL </ci>
              </apply>
              <apply>
                <times/>
                <ci> kr_11 </ci>
                <ci> ILL </ci>
              </apply>
            </apply>
          </apply>
        </math>
      </kineticLaw>
    </reaction>
    <reaction metaid="_986643" id="React12" name="React12">
      <notes>
        <body xmlns="http://www.w3.org/1999/xhtml">
          <p>first ligand on desensitised</p>
        </body>
      </notes>
      <annotation>
        <rdf:RDF xmlns:rdf="http://www.w3.org/1999/02/22-rdf-syntax-ns#" xmlns:dc="http://purl.org/dc/elements/1.1/" xmlns:dcterms="http://purl.org/dc/terms/" xmlns:vCard="http://www.w3.org/2001/vcard-rdf/3.0#" xmlns:bqbiol="http://biomodels.net/biology-qualifiers/" xmlns:bqmodel="http://biomodels.net/model-qualifiers/">
          <rdf:Description rdf:about="#_986643">
            <bqbiol:is>
              <rdf:Bag>
                <rdf:li rdf:resource="urn:miriam:obo.go:GO%3A0042166"/>
              </rdf:Bag>
            </bqbiol:is>
          </rdf:Description>
        </rdf:RDF>
      </annotation>
      <listOfReactants>
        <speciesReference species="D"/>
        <speciesReference species="L"/>
      </listOfReactants>
      <listOfProducts>
        <speciesReference species="DL"/>
      </listOfProducts>
      <kineticLaw>
        <notes>
          <body xmlns="http://www.w3.org/1999/xhtml">
            <p>kf_12 * D * L - kr_12 * DL</p>
          </body>
        </notes>
        <math xmlns="http://www.w3.org/1998/Math/MathML">
          <apply>
            <times/>
            <ci> comp1 </ci>
            <apply>
              <minus/>
              <apply>
                <times/>
                <ci> kf_12 </ci>
                <ci> D </ci>
                <ci> L </ci>
              </apply>
              <apply>
                <times/>
                <ci> kr_12 </ci>
                <ci> DL </ci>
              </apply>
            </apply>
          </apply>
        </math>
      </kineticLaw>
    </reaction>
    <reaction metaid="_986663" id="React13" name="React13">
      <notes>
        <body xmlns="http://www.w3.org/1999/xhtml">
          <p>second ligand on desensitised</p>
        </body>
      </notes>
      <annotation>
        <rdf:RDF xmlns:rdf="http://www.w3.org/1999/02/22-rdf-syntax-ns#" xmlns:dc="http://purl.org/dc/elements/1.1/" xmlns:dcterms="http://purl.org/dc/terms/" xmlns:vCard="http://www.w3.org/2001/vcard-rdf/3.0#" xmlns:bqbiol="http://biomodels.net/biology-qualifiers/" xmlns:bqmodel="http://biomodels.net/model-qualifiers/">
          <rdf:Description rdf:about="#_986663">
            <bqbiol:is>
              <rdf:Bag>
                <rdf:li rdf:resource="urn:miriam:obo.go:GO%3A0042166"/>
              </rdf:Bag>
            </bqbiol:is>
          </rdf:Description>
        </rdf:RDF>
      </annotation>
      <listOfReactants>
        <speciesReference species="DL"/>
        <speciesReference species="L"/>
      </listOfReactants>
      <listOfProducts>
        <speciesReference species="DLL"/>
      </listOfProducts>
      <kineticLaw>
        <notes>
          <body xmlns="http://www.w3.org/1999/xhtml">
            <p>kf_13 * DL * L - kr_13 * DLL</p>
          </body>
        </notes>
        <math xmlns="http://www.w3.org/1998/Math/MathML">
          <apply>
            <times/>
            <ci> comp1 </ci>
            <apply>
              <minus/>
              <apply>
                <times/>
                <ci> kf_13 </ci>
                <ci> DL </ci>
                <ci> L </ci>
              </apply>
              <apply>
                <times/>
                <ci> kr_13 </ci>
                <ci> DLL </ci>
              </apply>
            </apply>
          </apply>
        </math>
      </kineticLaw>
    </reaction>
    <reaction metaid="_986683" id="React14" name="React14">
      <notes>
        <body xmlns="http://www.w3.org/1999/xhtml">
          <p>unlig interm &lt;=&gt; unlig desen</p>
        </body>
      </notes>
      <listOfReactants>
        <speciesReference species="I"/>
      </listOfReactants>
      <listOfProducts>
        <speciesReference species="D"/>
      </listOfProducts>
      <kineticLaw>
        <notes>
          <body xmlns="http://www.w3.org/1999/xhtml">
            <p>kf_14 * I - kr_14 * D</p>
          </body>
        </notes>
        <math xmlns="http://www.w3.org/1998/Math/MathML">
          <apply>
            <times/>
            <ci> comp1 </ci>
            <apply>
              <minus/>
              <apply>
                <times/>
                <ci> kf_14 </ci>
                <ci> I </ci>
              </apply>
              <apply>
                <times/>
                <ci> kr_14 </ci>
                <ci> D </ci>
              </apply>
            </apply>
          </apply>
        </math>
      </kineticLaw>
    </reaction>
    <reaction metaid="_986702" id="React15" name="React15">
      <notes>
        <body xmlns="http://www.w3.org/1999/xhtml">
          <p>monolig interm &lt;=&gt; monolig desen</p>
        </body>
      </notes>
      <listOfReactants>
        <speciesReference species="IL"/>
      </listOfReactants>
      <listOfProducts>
        <speciesReference species="DL"/>
      </listOfProducts>
      <kineticLaw>
        <notes>
          <body xmlns="http://www.w3.org/1999/xhtml">
            <p>kf_15 * IL - kr_15 * DL</p>
          </body>
        </notes>
        <math xmlns="http://www.w3.org/1998/Math/MathML">
          <apply>
            <times/>
            <ci> comp1 </ci>
            <apply>
              <minus/>
              <apply>
                <times/>
                <ci> kf_15 </ci>
                <ci> IL </ci>
              </apply>
              <apply>
                <times/>
                <ci> kr_15 </ci>
                <ci> DL </ci>
              </apply>
            </apply>
          </apply>
        </math>
      </kineticLaw>
    </reaction>
    <reaction metaid="_986722" id="React16" name="React16">
      <notes>
        <body xmlns="http://www.w3.org/1999/xhtml">
          <p>bilig interm &lt;=&gt; bilig desen</p>
        </body>
      </notes>
      <listOfReactants>
        <speciesReference species="ILL"/>
      </listOfReactants>
      <listOfProducts>
        <speciesReference species="DLL"/>
      </listOfProducts>
      <kineticLaw>
        <notes>
          <body xmlns="http://www.w3.org/1999/xhtml">
            <p>kf_16 * ILL - kr_16 * DLL</p>
          </body>
        </notes>
        <math xmlns="http://www.w3.org/1998/Math/MathML">
          <apply>
            <times/>
            <ci> comp1 </ci>
            <apply>
              <minus/>
              <apply>
                <times/>
                <ci> kf_16 </ci>
                <ci> ILL </ci>
              </apply>
              <apply>
                <times/>
                <ci> kr_16 </ci>
                <ci> DLL </ci>
              </apply>
            </apply>
          </apply>
        </math>
      </kineticLaw>
    </reaction>
  </listOfReactions>
</model>
</sbml>
